-- MySQL Script generated by MySQL Workbench
-- Mon Feb 15 11:06:48 2016
-- Model: New Model    Version: 1.0
-- MySQL Workbench Forward Engineering

SET @OLD_UNIQUE_CHECKS=@@UNIQUE_CHECKS, UNIQUE_CHECKS=0;
SET @OLD_FOREIGN_KEY_CHECKS=@@FOREIGN_KEY_CHECKS, FOREIGN_KEY_CHECKS=0;
SET @OLD_SQL_MODE=@@SQL_MODE, SQL_MODE='TRADITIONAL,ALLOW_INVALID_DATES';

-- -----------------------------------------------------
-- Schema enc13
-- -----------------------------------------------------
DROP SCHEMA IF EXISTS `enc13` ;

-- -----------------------------------------------------
-- Schema enc13
-- -----------------------------------------------------
CREATE SCHEMA IF NOT EXISTS `enc13` DEFAULT CHARACTER SET utf8 ;
SHOW WARNINGS;
USE `enc13` ;

-- -----------------------------------------------------
-- Table `enc13`.`petstore`
-- -----------------------------------------------------
DROP TABLE IF EXISTS `enc13`.`petstore` ;

SHOW WARNINGS;
CREATE TABLE IF NOT EXISTS `enc13`.`petstore` (
  `pst_id` SMALLINT NOT NULL,
  `pst_name` VARCHAR(30) NOT NULL,
  `pst_street` VARCHAR(30) NOT NULL,
  `pst_city` VARCHAR(30) NOT NULL,
  `pst_state` CHAR(2) NOT NULL,
  `pst_zip` INT NOT NULL,
  `pst_phone` BIGINT NOT NULL,
  `pst_email` VARCHAR(100) NOT NULL,
  `pst_URL` VARCHAR(100) NOT NULL,
  `pst_ytd_sales` DECIMAL(10,2) NOT NULL,
  `pst_notes` VARCHAR(255) NOT NULL,
  PRIMARY KEY (`pst_id`))
ENGINE = InnoDB;

SHOW WARNINGS;

-- -----------------------------------------------------
-- Table `enc13`.`customer`
-- -----------------------------------------------------
DROP TABLE IF EXISTS `enc13`.`customer` ;

SHOW WARNINGS;
CREATE TABLE IF NOT EXISTS `enc13`.`customer` (
  `cus_id` SMALLINT NOT NULL,
  `cus_fname` VARCHAR(15) NOT NULL,
  `cus_lname` VARCHAR(30) NOT NULL,
  `cus_street` VARCHAR(30) NOT NULL,
  `cus_city` VARCHAR(30) NOT NULL,
  `cus_state` CHAR(2) NOT NULL,
  `cus_zip` INT NOT NULL,
  `cus_phone` BIGINT NOT NULL,
  `cus_email` VARCHAR(100) NOT NULL,
  `cus_balance` DECIMAL(6,2) NOT NULL,
  `cus_total_sales` DECIMAL(6,2) NOT NULL,
  `cus_notes` VARCHAR(255) NOT NULL,
  PRIMARY KEY (`cus_id`))
ENGINE = InnoDB;

SHOW WARNINGS;

-- -----------------------------------------------------
-- Table `enc13`.`pet`
-- -----------------------------------------------------
DROP TABLE IF EXISTS `enc13`.`pet` ;

SHOW WARNINGS;
CREATE TABLE IF NOT EXISTS `enc13`.`pet` (
  `pet_id` SMALLINT NOT NULL,
  `pst_id` SMALLINT NOT NULL,
  `cus_id` SMALLINT NULL,
  `pet_type` VARCHAR(45) NOT NULL,
  `pet_sex` ENUM('m', 'f') NOT NULL,
  `pet_cost` DECIMAL(6,2) NOT NULL,
  `pet_price` DECIMAL(6,2) NOT NULL,
  `pet_age` TINYINT NOT NULL,
  `pet_color` VARCHAR(30) NOT NULL,
  `pet_sale_date` DATE NOT NULL,
  `pet_vaccine` ENUM('y', 'n') NOT NULL,
  `pet_neuter` ENUM('y', 'n') NOT NULL,
  `pet_notes` VARCHAR(255) NOT NULL,
  PRIMARY KEY (`pet_id`),
  INDEX `fk_pet_customer_idx` (`cus_id` ASC, `pst_id` ASC),
  INDEX `fk_pet_petstore1_idx` (`pst_id` ASC),
  CONSTRAINT `cus_id`
    FOREIGN KEY (`cus_id` , `pst_id`)
    REFERENCES `enc13`.`customer` (`cus_id` , `cus_id`)
    ON DELETE NO ACTION
    ON UPDATE NO ACTION,
  CONSTRAINT `pet_id`
    FOREIGN KEY (`pst_id`)
    REFERENCES `enc13`.`petstore` (`pst_id`)
    ON DELETE NO ACTION
    ON UPDATE NO ACTION)
ENGINE = InnoDB;

SHOW WARNINGS;

SET SQL_MODE=@OLD_SQL_MODE;
SET FOREIGN_KEY_CHECKS=@OLD_FOREIGN_KEY_CHECKS;
SET UNIQUE_CHECKS=@OLD_UNIQUE_CHECKS;

-- -----------------------------------------------------
-- Data for table `enc13`.`petstore`
-- -----------------------------------------------------
START TRANSACTION;
USE `enc13`;
INSERT INTO `enc13`.`petstore` (`pst_id`, `pst_name`, `pst_street`, `pst_city`, `pst_state`, `pst_zip`, `pst_phone`, `pst_email`, `pst_URL`, `pst_ytd_sales`, `pst_notes`) VALUES (1, 'Penelope', 'Tennessee', 'Tallahassee', 'FL', 32304, 934934920, 'penelopethedog@gmail.com', 'penelopethedog.com', 300.00, DEFAULT);
INSERT INTO `enc13`.`petstore` (`pst_id`, `pst_name`, `pst_street`, `pst_city`, `pst_state`, `pst_zip`, `pst_phone`, `pst_email`, `pst_URL`, `pst_ytd_sales`, `pst_notes`) VALUES (2, 'MJ', 'Dixie', 'Tallahassee', 'FL', 32304, 294587344, 'MJthedog@gmail.com', 'MJthedog.com', 200.00, DEFAULT);
INSERT INTO `enc13`.`petstore` (`pst_id`, `pst_name`, `pst_street`, `pst_city`, `pst_state`, `pst_zip`, `pst_phone`, `pst_email`, `pst_URL`, `pst_ytd_sales`, `pst_notes`) VALUES (3, 'Trixie', 'Pensacola', 'Valdosta', 'GA', 38943, 294834382, 'trixiethebunny@gmail.com', 'trixiethebunny.com', 30.00, DEFAULT);
INSERT INTO `enc13`.`petstore` (`pst_id`, `pst_name`, `pst_street`, `pst_city`, `pst_state`, `pst_zip`, `pst_phone`, `pst_email`, `pst_URL`, `pst_ytd_sales`, `pst_notes`) VALUES (4, 'Dottie', 'Royal Palm', 'Coral Springs', 'FL', 33065, 3408548354, 'dottiethedog@gmail.com', 'dottiethedog.com', 400.00, DEFAULT);
INSERT INTO `enc13`.`petstore` (`pst_id`, `pst_name`, `pst_street`, `pst_city`, `pst_state`, `pst_zip`, `pst_phone`, `pst_email`, `pst_URL`, `pst_ytd_sales`, `pst_notes`) VALUES (5, 'Carmel', 'University', 'Coral Springs', 'FL', 33071, 23482034324, 'carmelthecat@gmail.com', 'carmelthecat.com', 350.00, DEFAULT);
INSERT INTO `enc13`.`petstore` (`pst_id`, `pst_name`, `pst_street`, `pst_city`, `pst_state`, `pst_zip`, `pst_phone`, `pst_email`, `pst_URL`, `pst_ytd_sales`, `pst_notes`) VALUES (6, 'Tails', 'Coral Ridge', 'Coral Springs', 'FL', 33065, 9543303334, 'tailsthetailesscat@gmail.com', 'tailesthetailesscat.com', 600.00, DEFAULT);
INSERT INTO `enc13`.`petstore` (`pst_id`, `pst_name`, `pst_street`, `pst_city`, `pst_state`, `pst_zip`, `pst_phone`, `pst_email`, `pst_URL`, `pst_ytd_sales`, `pst_notes`) VALUES (7, 'Goldie', 'Bad Dog', 'Boca Raton', 'VA', 34092, 4549340993, 'goldiethebaddog@gmail.com', 'goldiesthebaddog.com', 100.00, DEFAULT);
INSERT INTO `enc13`.`petstore` (`pst_id`, `pst_name`, `pst_street`, `pst_city`, `pst_state`, `pst_zip`, `pst_phone`, `pst_email`, `pst_URL`, `pst_ytd_sales`, `pst_notes`) VALUES (8, 'Boone', 'Monroe', 'Tallahassee', 'FL', 32304, 8924382398, 'boonethedog@gmail.com', 'boonethedog.com', 70.00, DEFAULT);
INSERT INTO `enc13`.`petstore` (`pst_id`, `pst_name`, `pst_street`, `pst_city`, `pst_state`, `pst_zip`, `pst_phone`, `pst_email`, `pst_URL`, `pst_ytd_sales`, `pst_notes`) VALUES (9, 'Jessie', 'Magnolia', 'Tallahassee', 'FL', 32304, 243824939, 'jessiethetinydog@gmail.com', 'jessiethetinydog.com', 500.00, DEFAULT);
INSERT INTO `enc13`.`petstore` (`pst_id`, `pst_name`, `pst_street`, `pst_city`, `pst_state`, `pst_zip`, `pst_phone`, `pst_email`, `pst_URL`, `pst_ytd_sales`, `pst_notes`) VALUES (10, 'Cooper', 'Gaines', 'Tallahassee', 'FL', 32304, 2482394820, 'coopertheshep@gmail.com', 'coopertheshep.com', 340.00, DEFAULT);

COMMIT;


-- -----------------------------------------------------
-- Data for table `enc13`.`customer`
-- -----------------------------------------------------
START TRANSACTION;
USE `enc13`;
INSERT INTO `enc13`.`customer` (`cus_id`, `cus_fname`, `cus_lname`, `cus_street`, `cus_city`, `cus_state`, `cus_zip`, `cus_phone`, `cus_email`, `cus_balance`, `cus_total_sales`, `cus_notes`) VALUES (1, 'Tabitha', 'Cervantes', 'arbutus', 'Key West', 'FL', 33040, 3054859302, 'tabitha@gmail.com', 500.00, 450.00, DEFAULT);
INSERT INTO `enc13`.`customer` (`cus_id`, `cus_fname`, `cus_lname`, `cus_street`, `cus_city`, `cus_state`, `cus_zip`, `cus_phone`, `cus_email`, `cus_balance`, `cus_total_sales`, `cus_notes`) VALUES (2, 'Kisbel', 'Espinal', 'Orange', 'Sunrise', 'FL', 33325, 9545992950, 'kisbel@gmail.com', 30.00, 600.00, DEFAULT);
INSERT INTO `enc13`.`customer` (`cus_id`, `cus_fname`, `cus_lname`, `cus_street`, `cus_city`, `cus_state`, `cus_zip`, `cus_phone`, `cus_email`, `cus_balance`, `cus_total_sales`, `cus_notes`) VALUES (3, 'Erin', 'Cowan', 'Royal Palm', 'Coral Springs', 'FL', 33065, 9549139426, 'erin@gmail.com', 5.00, 800.00, DEFAULT);
INSERT INTO `enc13`.`customer` (`cus_id`, `cus_fname`, `cus_lname`, `cus_street`, `cus_city`, `cus_state`, `cus_zip`, `cus_phone`, `cus_email`, `cus_balance`, `cus_total_sales`, `cus_notes`) VALUES (4, 'Kristen', 'Johnson', 'Sample', 'Coral Springs', 'FL', 33071, 9548296575, 'kristen@gmail.com', 65.00, 70.00, DEFAULT);
INSERT INTO `enc13`.`customer` (`cus_id`, `cus_fname`, `cus_lname`, `cus_street`, `cus_city`, `cus_state`, `cus_zip`, `cus_phone`, `cus_email`, `cus_balance`, `cus_total_sales`, `cus_notes`) VALUES (5, 'Alice', 'Tallmadge', 'Jamaca ', 'Key West', 'FL', 32404, 3052939293, 'alice@gmail.com', 40.00, 700.00, DEFAULT);
INSERT INTO `enc13`.`customer` (`cus_id`, `cus_fname`, `cus_lname`, `cus_street`, `cus_city`, `cus_state`, `cus_zip`, `cus_phone`, `cus_email`, `cus_balance`, `cus_total_sales`, `cus_notes`) VALUES (6, 'Brandon', 'Weber', 'Lakeview', 'Coral Springs', 'FL', 33071, 9548183227, 'brandon@gmail.com', 20.00, 300.00, DEFAULT);
INSERT INTO `enc13`.`customer` (`cus_id`, `cus_fname`, `cus_lname`, `cus_street`, `cus_city`, `cus_state`, `cus_zip`, `cus_phone`, `cus_email`, `cus_balance`, `cus_total_sales`, `cus_notes`) VALUES (7, 'Cesar', 'Azcarate', 'Coral Ridge', 'Coral Springs', 'FL', 33065, 9542109310, 'cesar@gmail.com', 90.00, 250.00, DEFAULT);
INSERT INTO `enc13`.`customer` (`cus_id`, `cus_fname`, `cus_lname`, `cus_street`, `cus_city`, `cus_state`, `cus_zip`, `cus_phone`, `cus_email`, `cus_balance`, `cus_total_sales`, `cus_notes`) VALUES (8, 'Tom', 'Piatick', 'Atlantic', 'Jacksonville', 'FL', 30402, 4079303022, 'tom@gmail.com', 50.00, 500.00, DEFAULT);
INSERT INTO `enc13`.`customer` (`cus_id`, `cus_fname`, `cus_lname`, `cus_street`, `cus_city`, `cus_state`, `cus_zip`, `cus_phone`, `cus_email`, `cus_balance`, `cus_total_sales`, `cus_notes`) VALUES (9, 'Alex', 'Dering', 'Green', 'Milwakee', 'WI', 30549, 3490340203, 'alex@gmail.com', 70.00, 340.00, DEFAULT);
INSERT INTO `enc13`.`customer` (`cus_id`, `cus_fname`, `cus_lname`, `cus_street`, `cus_city`, `cus_state`, `cus_zip`, `cus_phone`, `cus_email`, `cus_balance`, `cus_total_sales`, `cus_notes`) VALUES (10, 'Lawrence', 'Greco', 'Monroe', 'Tallahassee', 'FL', 32304, 8502939202, 'larry@gmail.com', 35.00, 200.00, DEFAULT);

COMMIT;


-- -----------------------------------------------------
-- Data for table `enc13`.`pet`
-- -----------------------------------------------------
START TRANSACTION;
USE `enc13`;
INSERT INTO `enc13`.`pet` (`pet_id`, `pst_id`, `cus_id`, `pet_type`, `pet_sex`, `pet_cost`, `pet_price`, `pet_age`, `pet_color`, `pet_sale_date`, `pet_vaccine`, `pet_neuter`, `pet_notes`) VALUES (1, 1, 1, 'dog', 'f', 400.00, 400.00, 2, 'brown', '2015-03-15', 'y', 'n', DEFAULT);
INSERT INTO `enc13`.`pet` (`pet_id`, `pst_id`, `cus_id`, `pet_type`, `pet_sex`, `pet_cost`, `pet_price`, `pet_age`, `pet_color`, `pet_sale_date`, `pet_vaccine`, `pet_neuter`, `pet_notes`) VALUES (2, 2, 2, 'bunny', 'f', 40.00, 40.00, 1, 'white', '2016-01-28', 'n', 'n', DEFAULT);
INSERT INTO `enc13`.`pet` (`pet_id`, `pst_id`, `cus_id`, `pet_type`, `pet_sex`, `pet_cost`, `pet_price`, `pet_age`, `pet_color`, `pet_sale_date`, `pet_vaccine`, `pet_neuter`, `pet_notes`) VALUES (3, 3, 3, 'kitten', 'm', 80.00, 80.00, 1, 'black', '2015-09-14', 'y', 'y', DEFAULT);
INSERT INTO `enc13`.`pet` (`pet_id`, `pst_id`, `cus_id`, `pet_type`, `pet_sex`, `pet_cost`, `pet_price`, `pet_age`, `pet_color`, `pet_sale_date`, `pet_vaccine`, `pet_neuter`, `pet_notes`) VALUES (4, 4, 4, 'dog', 'm', 50.00, 50.00, 4, 'black', '2015-06-01', 'y', 'y', DEFAULT);
INSERT INTO `enc13`.`pet` (`pet_id`, `pst_id`, `cus_id`, `pet_type`, `pet_sex`, `pet_cost`, `pet_price`, `pet_age`, `pet_color`, `pet_sale_date`, `pet_vaccine`, `pet_neuter`, `pet_notes`) VALUES (5, 5, 5, 'bird', 'm', 35.00, 35.00, 5, 'yellow', '2014-09-23', 'n', 'n', DEFAULT);
INSERT INTO `enc13`.`pet` (`pet_id`, `pst_id`, `cus_id`, `pet_type`, `pet_sex`, `pet_cost`, `pet_price`, `pet_age`, `pet_color`, `pet_sale_date`, `pet_vaccine`, `pet_neuter`, `pet_notes`) VALUES (6, 6, 6, 'fish', 'f', 10.00, 10.00, 2, 'blue', '2016-07-06', 'n', 'n', DEFAULT);
INSERT INTO `enc13`.`pet` (`pet_id`, `pst_id`, `cus_id`, `pet_type`, `pet_sex`, `pet_cost`, `pet_price`, `pet_age`, `pet_color`, `pet_sale_date`, `pet_vaccine`, `pet_neuter`, `pet_notes`) VALUES (7, 7, 7, 'skunk', 'm', 40.00, 40.00, 3, 'black', '2015-02-14', 'n', 'y', DEFAULT);
INSERT INTO `enc13`.`pet` (`pet_id`, `pst_id`, `cus_id`, `pet_type`, `pet_sex`, `pet_cost`, `pet_price`, `pet_age`, `pet_color`, `pet_sale_date`, `pet_vaccine`, `pet_neuter`, `pet_notes`) VALUES (8, 8, 8, 'hamster', 'f', 25.00, 25.00, 1, 'brown', '2016-02-01', 'y', 'n', DEFAULT);
INSERT INTO `enc13`.`pet` (`pet_id`, `pst_id`, `cus_id`, `pet_type`, `pet_sex`, `pet_cost`, `pet_price`, `pet_age`, `pet_color`, `pet_sale_date`, `pet_vaccine`, `pet_neuter`, `pet_notes`) VALUES (9, 9, 9, 'lizard', 'm', 30.00, 30.00, 6, 'green', '2015-06-22', 'n', 'n', DEFAULT);
INSERT INTO `enc13`.`pet` (`pet_id`, `pst_id`, `cus_id`, `pet_type`, `pet_sex`, `pet_cost`, `pet_price`, `pet_age`, `pet_color`, `pet_sale_date`, `pet_vaccine`, `pet_neuter`, `pet_notes`) VALUES (10, 10, 10, 'mouse', 'f', 20.00, 20.00, 1, 'tan', '2015-04-26', 'n', 'n', DEFAULT);

COMMIT;

